PassengerId,Survived,Age,SibSp,Parch,Fare,Sex_male,Embarked_Q,Embarked_S,Pclass_2,Pclass_3
1,0,0.2711736617240512,0.125,0.0,0.014151057562208049,1,0,1,0,1
2,1,0.4722292033174164,0.125,0.0,0.13913573538264068,0,0,0,0,0
3,1,0.32143754712239253,0.0,0.0,0.015468569817999833,0,0,1,0,1
4,1,0.4345312892686604,0.125,0.0,0.10364429745562033,0,0,1,0,0
5,0,0.4345312892686604,0.0,0.0,0.015712553569072387,1,0,1,0,1
6,0,0.34656948982156316,0.0,0.0,0.01650950209357577,1,1,0,0,1
7,0,0.6732847449107816,0.0,0.0,0.10122885832000206,1,0,1,0,0
8,0,0.01985423473234481,0.375,0.16666666666666666,0.04113566043083236,1,0,1,0,1
9,1,0.33400351847197784,0.0,0.3333333333333333,0.021730754366528396,0,0,1,0,1
10,1,0.17064589092736868,0.125,0.0,0.058694292654020104,0,0,0,1,0
11,1,0.04498617743151546,0.125,0.16666666666666666,0.03259622914329302,0,0,1,0,1
12,1,0.723548630309123,0.0,0.0,0.051822148727810165,0,0,1,0,0
13,0,0.24604171902488062,0.0,0.0,0.015712553569072387,1,0,1,0,1
14,0,0.4847951746670017,0.125,0.8333333333333333,0.06104473451835265,1,0,1,0,1
15,0,0.17064589092736868,0.0,0.0,0.015330377421392339,0,0,1,0,1
16,1,0.685850716260367,0.0,0.0,0.03122992013728673,0,0,1,1,0
17,0,0.01985423473234481,0.5,0.16666666666666666,0.05684821399990475,1,1,0,0,1
18,1,0.34656948982156316,0.0,0.0,0.025374310111545468,1,0,1,1,0
19,0,0.38426740387031916,0.125,0.0,0.03513366015444757,0,0,1,0,1
20,1,0.34656948982156316,0.0,0.0,0.014102260811993537,0,0,0,0,1
21,0,0.4345312892686604,0.0,0.0,0.050748620223090936,1,0,1,1,0
22,1,0.4219653179190751,0.0,0.0,0.025374310111545468,1,0,1,1,0
23,1,0.18321186227695402,0.0,0.0,0.015671954672893913,0,1,0,0,1
24,1,0.34656948982156316,0.0,0.0,0.06929138530460494,1,0,1,0,0
25,0,0.09525006282985675,0.375,0.16666666666666666,0.04113566043083236,0,0,1,0,1
26,1,0.4722292033174164,0.125,0.8333333333333333,0.06126431989431795,0,0,1,0,1
27,0,0.34656948982156316,0.0,0.0,0.014102260811993537,1,0,0,0,1
28,0,0.2334757476752953,0.375,0.3333333333333333,0.5133418122566507,1,0,1,0,0
29,1,0.34656948982156316,0.0,0.0,0.01537917417160685,0,1,0,0,1
30,0,0.34656948982156316,0.0,0.0,0.015411575213749286,1,0,1,0,1
31,0,0.49736114601658704,0.0,0.0,0.05410739813385612,1,0,0,0,0
32,1,0.34656948982156316,0.125,0.0,0.2859895551532101,0,0,0,0,0
33,1,0.34656948982156316,0.0,0.0,0.015126992566498259,0,1,0,0,1
34,0,0.8240764011058055,0.0,0.0,0.020494635090094415,1,0,1,1,0
35,0,0.34656948982156316,0.125,0.0,0.16038672010106003,1,0,0,0,0
36,0,0.5224930887157577,0.125,0.0,0.10149724044618187,1,0,1,0,0
37,1,0.34656948982156316,0.0,0.0,0.014110458666029575,1,0,0,0,1
38,0,0.2586076903744659,0.0,0.0,0.015712553569072387,1,0,1,0,1
39,0,0.22090977632571,0.25,0.0,0.03513366015444757,0,0,1,0,1
40,1,0.17064589092736868,0.125,0.0,0.021942337075458514,0,0,0,0,1
41,0,0.49736114601658704,0.125,0.0,0.018493968331299484,0,0,1,0,1
42,0,0.33400351847197784,0.125,0.0,0.04098927018018883,0,0,1,1,0
43,0,0.34656948982156316,0.0,0.0,0.015411575213749286,1,0,0,0,1
44,1,0.032420206081930136,0.125,0.3333333333333333,0.08115719346076702,0,0,0,1,0
45,1,0.2334757476752953,0.0,0.0,0.01537917417160685,0,1,0,0,1
46,0,0.34656948982156316,0.0,0.0,0.015712553569072387,1,0,1,0,1
47,0,0.34656948982156316,0.125,0.0,0.030253985132996517,1,1,0,0,1
48,1,0.34656948982156316,0.0,0.0,0.015126992566498259,0,1,0,0,1
49,0,0.34656948982156316,0.25,0.0,0.04231498029001666,1,0,0,0,1
50,0,0.22090977632571,0.125,0.0,0.034743286152731485,0,0,1,0,1
51,0,0.08268409148027142,0.5,0.16666666666666666,0.07746484096553544,1,0,1,0,1
52,0,0.2586076903744659,0.0,0.0,0.01522458606692728,1,0,1,0,1
53,1,0.610454888162855,0.125,0.0,0.1497654242623688,0,0,0,0,0
54,1,0.35913546117114853,0.125,0.0,0.050748620223090936,0,0,1,1,0
55,0,0.8115104297562202,0.0,0.16666666666666666,0.1209753416358076,1,0,0,0,0
56,1,0.34656948982156316,0.0,0.0,0.06929138530460494,1,0,1,0,0
57,1,0.2586076903744659,0.0,0.0,0.020494635090094415,0,0,1,1,0
58,0,0.35285247549635584,0.0,0.0,0.014110458666029575,1,0,0,0,1
59,1,0.05755214878110078,0.125,0.3333333333333333,0.05416439273810667,0,0,1,1,0
60,0,0.1329479768786127,0.625,0.3333333333333333,0.09154270340242172,1,0,1,0,1
61,0,0.2711736617240512,0.0,0.0,0.014110458666029575,1,0,0,0,1
62,1,0.4722292033174164,0.0,0.0,0.15614960068643363,0,0,1,0,0
63,0,0.5601910027645137,0.125,0.0,0.16293234896625058,1,0,1,0,0
64,0,0.04498617743151546,0.375,0.3333333333333333,0.05445717323939373,1,0,1,0,1
65,0,0.34656948982156316,0.0,0.0,0.05410739813385612,1,0,0,0,0
66,1,0.34656948982156316,0.125,0.16666666666666666,0.029757819776815374,1,0,0,0,1
67,1,0.35913546117114853,0.0,0.0,0.020494635090094415,0,0,1,1,0
68,0,0.2334757476752953,0.0,0.0,0.015923941091001644,1,0,1,0,1
69,1,0.20834380497612465,0.5,0.3333333333333333,0.015468569817999833,0,0,1,0,1
70,0,0.32143754712239253,0.25,0.0,0.016908073949327893,1,0,1,0,1
71,0,0.39683337521990447,0.0,0.0,0.020494635090094415,1,0,1,1,0
72,0,0.19577783362653933,0.625,0.3333333333333333,0.09154270340242172,0,0,1,0,1
73,0,0.2586076903744659,0.0,0.0,0.1434624456306609,1,0,1,1,0
74,0,0.32143754712239253,0.125,0.0,0.028212719478023115,1,0,0,0,1
75,1,0.39683337521990447,0.0,0.0,0.11027245763075773,1,0,1,0,1
76,0,0.3088715757728072,0.0,0.0,0.014931805565640218,1,0,1,0,1
77,0,0.34656948982156316,0.0,0.0,0.015411575213749286,1,0,1,0,1
78,0,0.34656948982156316,0.0,0.0,0.015712553569072387,1,0,1,0,1
79,1,0.005152048253329982,0.0,0.3333333333333333,0.056604230248832196,1,0,1,1,0
80,1,0.37170143252073384,0.0,0.0,0.024349578357040744,0,0,1,0,1
81,0,0.2711736617240512,0.0,0.0,0.017566830077223785,1,0,1,0,1
82,1,0.35913546117114853,0.0,0.0,0.018542765081513996,1,0,1,0,1
83,1,0.34656948982156316,0.0,0.0,0.015200187691820024,0,1,0,0,1
84,0,0.34656948982156316,0.0,0.0,0.09193307740413781,1,0,1,0,0
85,1,0.20834380497612465,0.0,0.0,0.020494635090094415,0,0,1,1,0
86,1,0.4093993465694898,0.375,0.0,0.030937139635999665,0,0,1,0,1
87,0,0.19577783362653933,0.125,0.5,0.06709553154495196,1,0,1,0,1
88,0,0.34656948982156316,0.0,0.0,0.015712553569072387,1,0,1,0,1
89,1,0.2837396330736366,0.375,0.3333333333333333,0.5133418122566507,0,0,1,0,0
90,0,0.2963056044232219,0.0,0.0,0.015712553569072387,1,0,1,0,1
91,0,0.35913546117114853,0.0,0.0,0.015712553569072387,1,0,1,0,1
92,0,0.24604171902488062,0.0,0.0,0.015330377421392339,1,0,1,0,1
93,0,0.5727569741140991,0.125,0.0,0.11940564777490723,1,0,1,0,0
94,0,0.32143754712239253,0.125,0.3333333333333333,0.04015972542654215,1,0,1,0,1
95,0,0.7361146016587082,0.0,0.0,0.014151057562208049,1,0,1,0,1
96,0,0.34656948982156316,0.0,0.0,0.015712553569072387,1,0,1,0,1
97,0,0.8869062578537321,0.0,0.0,0.06764049365134761,1,0,0,0,0
98,1,0.2837396330736366,0.0,0.16666666666666666,0.12366716556464086,1,0,0,0,0
99,1,0.4219653179190751,0.0,0.16666666666666666,0.044893010197349675,0,0,1,1,0
100,0,0.4219653179190751,0.125,0.0,0.050748620223090936,1,0,1,1,0
101,0,0.34656948982156316,0.0,0.0,0.015411575213749286,0,0,1,0,1
102,0,0.34656948982156316,0.0,0.0,0.015411575213749286,1,0,1,0,1
103,0,0.2586076903744659,0.0,0.16666666666666666,0.15085515328815924,1,0,1,0,0
104,0,0.4093993465694898,0.0,0.0,0.016891873428256675,1,0,1,0,1
105,0,0.4596632319678311,0.25,0.0,0.015468569817999833,1,0,1,0,1
106,0,0.34656948982156316,0.0,0.0,0.015411575213749286,1,0,1,0,1
107,1,0.2586076903744659,0.0,0.0,0.014931805565640218,0,0,1,0,1
108,1,0.34656948982156316,0.0,0.0,0.015175789316712771,1,0,1,0,1
109,0,0.4722292033174164,0.0,0.0,0.015411575213749286,1,0,1,0,1
110,1,0.34656948982156316,0.125,0.0,0.04713766070721715,0,1,0,0,1
111,0,0.5853229454636844,0.0,0.0,0.10149724044618187,1,0,1,0,0
112,0,0.17692887660216136,0.125,0.0,0.028212719478023115,0,0,0,0,1
113,0,0.2711736617240512,0.0,0.0,0.015712553569072387,1,0,1,0,1
114,0,0.24604171902488062,0.125,0.0,0.019177122834302632,0,0,1,0,1
115,0,0.20834380497612465,0.0,0.0,0.028220722145058292,0,0,0,0,1
116,0,0.2586076903744659,0.0,0.0,0.015468569817999833,1,0,1,0,1
117,0,0.8806232721789394,0.0,0.0,0.015126992566498259,1,1,0,0,1
118,0,0.35913546117114853,0.125,0.0,0.04098927018018883,1,0,1,1,0
119,0,0.2963056044232219,0.0,0.16666666666666666,0.4831284260198326,1,0,0,0,0
120,0,0.01985423473234481,0.5,0.3333333333333333,0.06104473451835265,0,0,1,0,1
121,0,0.2586076903744659,0.25,0.0,0.1434624456306609,1,0,1,1,0
122,0,0.34656948982156316,0.0,0.0,0.015712553569072387,1,0,1,0,1
123,0,0.40311636089469716,0.125,0.0,0.058694292654020104,1,0,0,1,0
124,1,0.40311636089469716,0.0,0.0,0.025374310111545468,0,0,1,1,0
125,0,0.6732847449107816,0.0,0.16666666666666666,0.15085515328815924,1,0,1,0,0
126,1,0.14551394822819805,0.125,0.0,0.021942337075458514,1,0,0,0,1
127,0,0.34656948982156316,0.0,0.0,0.015126992566498259,1,1,0,0,1
128,1,0.2963056044232219,0.0,0.0,0.01393967004027879,1,0,1,0,1
129,1,0.34656948982156316,0.125,0.16666666666666666,0.04364049521284362,0,0,0,0,1
130,0,0.5601910027645137,0.0,0.0,0.013614293309848433,1,0,1,0,1
131,0,0.4093993465694898,0.0,0.0,0.015411575213749286,1,0,0,0,1
132,0,0.24604171902488062,0.0,0.0,0.013760683560491965,1,0,1,0,1
133,0,0.5853229454636844,0.125,0.0,0.028302115124416098,0,0,1,0,1
134,1,0.35913546117114853,0.125,0.0,0.050748620223090936,0,0,1,1,0
135,0,0.3088715757728072,0.0,0.0,0.025374310111545468,1,0,1,1,0
136,0,0.2837396330736366,0.0,0.0,0.02936744577509929,1,0,0,1,0
137,1,0.2334757476752953,0.0,0.3333333333333333,0.051301584996521765,0,0,1,0,0
138,0,0.4596632319678311,0.125,0.0,0.10364429745562033,1,0,1,0,0
139,0,0.19577783362653933,0.0,0.0,0.01798980030808316,1,0,1,0,1
140,0,0.2963056044232219,0.0,0.0,0.15458810467956932,1,0,0,0,0
141,0,0.34656948982156316,0.0,0.3333333333333333,0.029757819776815374,0,0,0,0,1
142,1,0.2711736617240512,0.0,0.0,0.015126992566498259,0,0,1,0,1
143,1,0.2963056044232219,0.125,0.0,0.030937139635999665,0,0,1,0,1
144,0,0.2334757476752953,0.0,0.0,0.013175122557917838,1,1,0,0,1
145,0,0.22090977632571,0.0,0.0,0.022446505098674838,1,0,1,1,0
146,0,0.2334757476752953,0.125,0.16666666666666666,0.07173122281533045,1,0,1,1,0
147,1,0.33400351847197784,0.0,0.0,0.015216388212891242,1,0,1,0,1
148,0,0.10781603417944208,0.25,0.3333333333333333,0.06709553154495196,0,0,1,0,1
149,0,0.4533802462930384,0.0,0.3333333333333333,0.050748620223090936,1,0,1,1,0
150,0,0.5224930887157577,0.0,0.0,0.025374310111545468,1,0,1,1,0
151,0,0.6355868308620256,0.0,0.0,0.02444717185746977,1,0,1,1,0
152,1,0.2711736617240512,0.125,0.0,0.12999454257145598,0,0,1,0,0
153,0,0.6921337019351597,0.0,0.0,0.015712553569072387,1,0,1,0,1
154,0,0.5036441316913798,0.0,0.3333333333333333,0.028302115124416098,1,0,1,0,1
155,0,0.34656948982156316,0.0,0.0,0.014273049437744325,1,0,1,0,1
156,0,0.6355868308620256,0.0,0.16666666666666666,0.11980421963065935,1,0,0,0,0
157,1,0.19577783362653933,0.0,0.0,0.015094396337354966,0,1,0,0,1
158,0,0.37170143252073384,0.0,0.0,0.015712553569072387,1,0,1,0,1
159,0,0.34656948982156316,0.0,0.0,0.016908073949327893,1,0,1,0,1
160,0,0.34656948982156316,1.0,0.3333333333333333,0.13575255909676825,1,0,1,0,1
161,0,0.5476250314149284,0.0,0.16666666666666666,0.031425107138144774,1,0,1,0,1
162,1,0.49736114601658704,0.0,0.0,0.030741952635141623,0,0,1,1,0
163,0,0.32143754712239253,0.0,0.0,0.015175789316712771,1,0,1,0,1
164,0,0.20834380497612465,0.0,0.0,0.016908073949327893,1,0,1,0,1
165,0,0.007288263382759488,0.5,0.16666666666666666,0.07746484096553544,1,0,1,0,1
166,1,0.10781603417944208,0.0,0.3333333333333333,0.04006213192611313,1,0,1,0,1
167,1,0.34656948982156316,0.0,0.16666666666666666,0.10735285047192313,0,0,1,0,0
168,0,0.5601910027645137,0.125,0.6666666666666666,0.05445717323939373,0,0,1,0,1
169,0,0.34656948982156316,0.0,0.0,0.050602229972447406,1,0,1,0,0
170,0,0.34656948982156316,0.0,0.0,0.11027245763075773,1,0,1,0,1
171,0,0.7612465443578789,0.0,0.0,0.06538764528744409,1,0,1,0,0
172,0,0.04498617743151546,0.5,0.16666666666666666,0.05684821399990475,1,1,0,0,1
173,1,0.007288263382759488,0.125,0.16666666666666666,0.021730754366528396,0,0,1,0,1
174,0,0.2586076903744659,0.0,0.0,0.015468569817999833,1,0,1,0,1
175,0,0.6984166876099522,0.0,0.0,0.05991421140938287,1,0,0,0,0
176,0,0.22090977632571,0.125,0.16666666666666666,0.015330377421392339,1,0,1,0,1
177,0,0.34656948982156316,0.375,0.16666666666666666,0.049707687947515,1,0,1,0,1
178,0,0.6230208595124404,0.0,0.0,0.05604306762136532,0,0,0,0,0
179,0,0.37170143252073384,0.0,0.0,0.025374310111545468,1,0,1,1,0
180,0,0.4470972606182458,0.0,0.0,0.0,1,0,1,0,1
181,0,0.34656948982156316,1.0,0.3333333333333333,0.13575255909676825,0,0,1,0,1
182,0,0.34656948982156316,0.0,0.0,0.02937564362913533,1,0,0,1,0
183,0,0.10781603417944208,0.5,0.3333333333333333,0.06126431989431795,1,0,1,0,1
184,1,0.007288263382759488,0.25,0.16666666666666666,0.07612293033463641,1,0,1,1,0
185,1,0.04498617743151546,0.0,0.3333333333333333,0.04298993693898376,0,0,1,0,1
186,0,0.34656948982156316,0.0,0.0,0.09759350042902103,1,0,1,0,0
187,1,0.34656948982156316,0.125,0.0,0.030253985132996517,0,1,0,0,1
188,1,0.5601910027645137,0.0,0.0,0.051822148727810165,1,0,1,0,0
189,0,0.49736114601658704,0.125,0.16666666666666666,0.030253985132996517,1,1,0,0,1
190,0,0.4470972606182458,0.0,0.0,0.015411575213749286,1,0,1,0,1
191,1,0.39683337521990447,0.0,0.0,0.025374310111545468,0,0,1,1,0
192,0,0.2334757476752953,0.0,0.0,0.025374310111545468,1,0,1,1,0
193,1,0.2334757476752953,0.125,0.0,0.015330377421392339,0,0,1,0,1
194,1,0.032420206081930136,0.125,0.16666666666666666,0.050748620223090936,1,0,1,1,0
195,1,0.5476250314149284,0.0,0.0,0.05410739813385612,0,0,0,0,0
196,1,0.723548630309123,0.0,0.0,0.2859895551532101,0,0,0,0,0
197,0,0.34656948982156316,0.0,0.0,0.015126992566498259,1,1,0,0,1
198,0,0.5224930887157577,0.0,0.16666666666666666,0.01640390592611157,1,0,1,0,1
199,1,0.34656948982156316,0.0,0.0,0.015126992566498259,0,1,0,0,1
200,0,0.2963056044232219,0.0,0.0,0.025374310111545468,0,0,1,1,0
201,0,0.34656948982156316,0.0,0.0,0.018542765081513996,1,0,1,0,1
202,0,0.34656948982156316,1.0,0.3333333333333333,0.13575255909676825,1,0,1,0,1
203,0,0.4219653179190751,0.0,0.0,0.012678957201736696,1,0,1,0,1
204,0,0.5664739884393064,0.0,0.0,0.014102260811993537,1,0,0,0,1
205,1,0.22090977632571,0.0,0.0,0.015712553569072387,1,0,1,0,1
206,0,0.01985423473234481,0.0,0.16666666666666666,0.02042143996477265,0,0,1,0,1
207,0,0.39683337521990447,0.125,0.0,0.030937139635999665,1,0,1,0,1
208,1,0.32143754712239253,0.0,0.0,0.036670757786204655,1,0,0,0,1
209,1,0.19577783362653933,0.0,0.0,0.015126992566498259,0,1,0,0,1
210,1,0.49736114601658704,0.0,0.0,0.060507970265993034,1,0,0,0,0
211,0,0.2963056044232219,0.0,0.0,0.013760683560491965,1,0,1,0,1
212,1,0.4345312892686604,0.0,0.0,0.04098927018018883,0,0,1,1,0
213,0,0.2711736617240512,0.0,0.0,0.014151057562208049,1,0,1,0,1
214,0,0.37170143252073384,0.0,0.0,0.025374310111545468,1,0,1,1,0
215,0,0.34656948982156316,0.125,0.0,0.015126992566498259,1,1,0,0,1
216,1,0.38426740387031916,0.125,0.0,0.22109807522194713,0,0,0,0,0
217,1,0.33400351847197784,0.0,0.0,0.015468569817999833,0,0,1,0,1
218,0,0.5224930887157577,0.125,0.0,0.05270049023167135,1,0,1,1,0
219,1,0.39683337521990447,0.0,0.0,0.14891148113361488,0,0,0,0,0
220,0,0.37170143252073384,0.0,0.0,0.020494635090094415,1,0,1,1,0
221,1,0.19577783362653933,0.0,0.0,0.015712553569072387,1,0,1,0,1
222,0,0.33400351847197784,0.0,0.0,0.025374310111545468,1,0,1,1,0
223,0,0.6355868308620256,0.0,0.0,0.015712553569072387,1,0,1,0,1
224,0,0.34656948982156316,0.0,0.0,0.015411575213749286,1,0,1,0,1
225,1,0.4722292033174164,0.125,0.0,0.17566830077223786,1,0,1,0,0
226,0,0.2711736617240512,0.0,0.0,0.018249984580226933,1,0,1,0,1
227,1,0.2334757476752953,0.0,0.0,0.020494635090094415,1,0,1,1,0
228,0,0.2523247046996733,0.0,0.0,0.014151057562208049,1,0,1,0,1
229,0,0.22090977632571,0.0,0.0,0.025374310111545468,1,0,1,1,0
230,0,0.34656948982156316,0.375,0.16666666666666666,0.049707687947515,0,0,1,0,1
231,1,0.4345312892686604,0.125,0.0,0.16293234896625058,0,0,1,0,0
232,0,0.35913546117114853,0.0,0.0,0.015175789316712771,1,0,1,0,1
233,0,0.7361146016587082,0.0,0.0,0.026350245115835676,1,0,1,1,0
234,1,0.05755214878110078,0.5,0.3333333333333333,0.06126431989431795,0,0,1,0,1
235,0,0.2963056044232219,0.0,0.0,0.020494635090094415,1,0,1,1,0
236,0,0.34656948982156316,0.0,0.0,0.014736618564782174,0,0,1,0,1
237,0,0.5476250314149284,0.125,0.0,0.050748620223090936,1,0,1,1,0
238,1,0.09525006282985675,0.0,0.3333333333333333,0.05123658772523604,0,0,1,1,0
239,0,0.2334757476752953,0.0,0.0,0.020494635090094415,1,0,1,1,0
240,0,0.4093993465694898,0.0,0.0,0.023959204355324663,1,0,1,1,0
241,0,0.34656948982156316,0.125,0.0,0.028212719478023115,0,0,0,0,1
242,1,0.34656948982156316,0.125,0.0,0.030253985132996517,0,1,0,0,1
243,0,0.35913546117114853,0.0,0.0,0.020494635090094415,1,0,1,1,0
244,0,0.2711736617240512,0.0,0.0,0.013907073811135496,1,0,1,0,1
245,0,0.37170143252073384,0.0,0.0,0.014102260811993537,1,0,0,0,1
246,0,0.5476250314149284,0.25,0.0,0.17566830077223786,1,1,0,0,0
247,0,0.3088715757728072,0.0,0.0,0.015175789316712771,0,0,1,0,1
248,1,0.2963056044232219,0.0,0.3333333333333333,0.028302115124416098,0,0,1,1,0
249,1,0.4596632319678311,0.125,0.16666666666666666,0.10257896680493714,1,0,1,0,0
250,0,0.6732847449107816,0.125,0.0,0.050748620223090936,1,0,1,1,0
251,0,0.34656948982156316,0.0,0.0,0.014151057562208049,1,0,1,0,1
252,0,0.35913546117114853,0.125,0.16666666666666666,0.02042143996477265,0,0,1,0,1
253,0,0.7738125157074642,0.0,0.0,0.051822148727810165,1,0,1,0,0
254,0,0.37170143252073384,0.125,0.0,0.031425107138144774,1,0,1,0,1
255,0,0.5099271173661725,0.0,0.3333333333333333,0.039452172548431745,0,0,1,0,1
256,1,0.35913546117114853,0.0,0.3333333333333333,0.029757819776815374,0,0,0,0,1
257,1,0.34656948982156316,0.0,0.0,0.15458810467956932,0,0,0,0,0
258,1,0.37170143252073384,0.0,0.0,0.16883675574220638,0,0,1,0,0
259,1,0.4345312892686604,0.0,0.0,1.0,0,0,0,0,0
260,1,0.6230208595124404,0.0,0.16666666666666666,0.050748620223090936,0,0,1,1,0
261,0,0.34656948982156316,0.0,0.0,0.015126992566498259,1,1,0,0,1
262,1,0.032420206081930136,0.5,0.3333333333333333,0.06126431989431795,1,0,1,0,1
263,0,0.648152802211611,0.125,0.16666666666666666,0.1554664461834305,1,0,1,0,0
264,0,0.49736114601658704,0.0,0.0,0.0,1,0,1,0,0
265,0,0.34656948982156316,0.0,0.0,0.015126992566498259,0,1,0,0,1
266,0,0.4470972606182458,0.0,0.0,0.020494635090094415,1,0,1,1,0
267,0,0.19577783362653933,0.5,0.16666666666666666,0.07746484096553544,1,0,1,0,1
268,1,0.3088715757728072,0.125,0.0,0.015175789316712771,1,0,1,0,1
269,1,0.723548630309123,0.0,0.16666666666666666,0.2995388511917728,0,0,1,0,0
270,1,0.4345312892686604,0.0,0.0,0.2647385704347907,0,0,1,0,0
271,0,0.34656948982156316,0.0,0.0,0.060507970265993034,1,0,1,0,0
272,1,0.3088715757728072,0.0,0.0,0.0,1,0,1,0,1
273,1,0.5099271173661725,0.0,0.16666666666666666,0.038061465167318204,0,0,1,1,0
274,0,0.4596632319678311,0.0,0.16666666666666666,0.057970539254838485,1,0,0,0,0
275,1,0.34656948982156316,0.0,0.0,0.015126992566498259,0,1,0,0,1
276,1,0.7863784870570495,0.125,0.0,0.15216446768991498,0,0,1,0,0
277,0,0.5601910027645137,0.0,0.0,0.015126992566498259,0,0,1,0,1
278,0,0.34656948982156316,0.0,0.0,0.0,1,0,1,1,0
279,0,0.08268409148027142,0.5,0.16666666666666666,0.05684821399990475,1,1,0,0,1
280,1,0.4345312892686604,0.125,0.16666666666666666,0.03952536767375352,0,0,1,0,1
281,0,0.8115104297562202,0.0,0.0,0.015126992566498259,1,1,0,0,1
282,0,0.34656948982156316,0.0,0.0,0.015330377421392339,1,0,1,0,1
283,0,0.19577783362653933,0.0,0.0,0.018542765081513996,1,0,1,0,1
284,1,0.2334757476752953,0.0,0.0,0.015712553569072387,1,0,1,0,1
285,0,0.34656948982156316,0.0,0.0,0.050748620223090936,1,0,1,0,0
286,0,0.4093993465694898,0.0,0.0,0.016908073949327893,1,0,0,0,1
287,1,0.37170143252073384,0.0,0.0,0.018542765081513996,1,0,1,0,1
288,0,0.2711736617240512,0.0,0.0,0.015411575213749286,1,0,1,0,1
289,1,0.5224930887157577,0.0,0.0,0.025374310111545468,1,0,1,1,0
290,1,0.2711736617240512,0.0,0.0,0.015126992566498259,0,1,0,0,1
291,1,0.32143754712239253,0.0,0.0,0.15390495017656614,0,0,1,0,0
292,1,0.2334757476752953,0.125,0.0,0.17777475888549785,0,0,0,0,0
293,0,0.4470972606182458,0.0,0.0,0.025130326360472913,1,0,0,1,0
294,0,0.2963056044232219,0.0,0.0,0.01727404957593672,0,0,1,0,1
295,0,0.2963056044232219,0.0,0.0,0.015411575213749286,1,0,1,0,1
296,0,0.34656948982156316,0.0,0.0,0.05410739813385612,1,0,0,0,0
297,0,0.2900226187484292,0.0,0.0,0.014110458666029575,1,0,0,0,1
298,0,0.01985423473234481,0.125,0.3333333333333333,0.29580589980036276,0,0,1,0,0
299,1,0.34656948982156316,0.0,0.0,0.05953203526170282,1,0,1,0,0
300,1,0.6230208595124404,0.0,0.16666666666666666,0.4831284260198326,0,0,0,0,0
301,1,0.34656948982156316,0.0,0.0,0.015126992566498259,0,1,0,0,1
302,1,0.34656948982156316,0.25,0.0,0.04538097769949478,1,1,0,0,1
303,0,0.2334757476752953,0.0,0.0,0.0,1,0,1,0,1
304,1,0.34656948982156316,0.0,0.0,0.024105594605968193,0,1,0,1,0
305,0,0.34656948982156316,0.0,0.0,0.015712553569072387,1,0,1,0,1
306,1,0.006282985674792663,0.125,0.3333333333333333,0.29580589980036276,1,0,1,0,0
307,1,0.34656948982156316,0.0,0.0,0.21642978772242535,0,0,0,0,0
308,1,0.20834380497612465,0.125,0.0,0.2125586439344078,0,0,0,0,0
309,0,0.37170143252073384,0.125,0.0,0.04684488020593009,1,0,0,1,0
310,1,0.37170143252073384,0.0,0.0,0.11111839809247648,0,0,0,0,0
311,1,0.2963056044232219,0.0,0.0,0.16231419173453318,0,0,0,0,0
312,1,0.22090977632571,0.25,0.3333333333333333,0.5121218935012878,0,0,0,0,0
313,0,0.32143754712239253,0.125,0.16666666666666666,0.050748620223090936,0,0,1,1,0
314,0,0.34656948982156316,0.0,0.0,0.015411575213749286,1,0,1,0,1
315,0,0.5350590600653431,0.125,0.16666666666666666,0.05123658772523604,1,0,1,1,0
316,1,0.32143754712239253,0.0,0.0,0.015330377421392339,0,0,1,0,1
317,1,0.2963056044232219,0.125,0.0,0.050748620223090936,0,0,1,1,0
318,0,0.6732847449107816,0.0,0.0,0.027326180120125887,1,0,1,1,0
319,1,0.38426740387031916,0.0,0.3333333333333333,0.32179836714362564,0,0,1,0,0
320,1,0.49736114601658704,0.125,0.16666666666666666,0.2625265161540666,0,0,0,0,0
321,0,0.2711736617240512,0.0,0.0,0.014151057562208049,1,0,1,0,1
322,0,0.33400351847197784,0.0,0.0,0.015411575213749286,1,0,1,0,1
323,1,0.37170143252073384,0.0,0.0,0.024105594605968193,0,1,0,1,0
324,1,0.2711736617240512,0.125,0.16666666666666666,0.056604230248832196,0,0,1,1,0
325,0,0.34656948982156316,1.0,0.3333333333333333,0.13575255909676825,1,0,1,0,1
326,1,0.4470972606182458,0.0,0.0,0.2647385704347907,0,0,0,0,0
327,0,0.7612465443578789,0.0,0.0,0.012174789178520372,1,0,1,0,1
328,1,0.4470972606182458,0.0,0.0,0.025374310111545468,0,0,1,1,0
329,1,0.38426740387031916,0.125,0.16666666666666666,0.04006213192611313,0,0,1,0,1
330,1,0.19577783362653933,0.0,0.16666666666666666,0.11316786160148591,0,0,0,0,0
331,1,0.34656948982156316,0.25,0.0,0.04538097769949478,0,1,0,0,1
332,0,0.5664739884393064,0.0,0.0,0.055628295244541985,1,0,1,0,0
333,0,0.4722292033174164,0.0,0.16666666666666666,0.2995388511917728,1,0,1,0,0
334,0,0.19577783362653933,0.25,0.0,0.03513366015444757,1,0,1,0,1
335,1,0.34656948982156316,0.125,0.0,0.2608674266467732,0,0,1,0,0
336,0,0.34656948982156316,0.0,0.0,0.015411575213749286,1,0,1,0,1
337,0,0.35913546117114853,0.125,0.0,0.12999454257145598,1,0,1,0,0
338,1,0.5099271173661725,0.0,0.0,0.2625265161540666,0,0,0,0,0
339,1,0.5601910027645137,0.0,0.0,0.015712553569072387,1,0,1,0,1
340,0,0.5601910027645137,0.0,0.0,0.06929138530460494,1,0,1,0,0
341,1,0.01985423473234481,0.125,0.16666666666666666,0.050748620223090936,1,0,1,1,0
342,1,0.2963056044232219,0.375,0.3333333333333333,0.5133418122566507,0,0,1,0,0
343,0,0.34656948982156316,0.0,0.0,0.025374310111545468,1,0,1,1,0
344,0,0.3088715757728072,0.0,0.0,0.025374310111545468,1,0,1,1,0
345,0,0.4470972606182458,0.0,0.0,0.025374310111545468,1,0,1,1,0
346,1,0.2963056044232219,0.0,0.0,0.025374310111545468,0,0,1,1,0
347,1,0.49736114601658704,0.0,0.0,0.025374310111545468,0,0,1,1,0
348,1,0.34656948982156316,0.125,0.0,0.031425107138144774,0,0,1,0,1
349,1,0.032420206081930136,0.125,0.16666666666666666,0.031034733136428686,1,0,1,0,1
350,0,0.5224930887157577,0.0,0.0,0.016908073949327893,1,0,1,0,1
351,0,0.2837396330736366,0.0,0.0,0.01800600082915438,1,0,1,0,1
352,0,0.34656948982156316,0.0,0.0,0.06831545030031472,1,0,1,0,0
353,0,0.18321186227695402,0.125,0.16666666666666666,0.014110458666029575,1,0,0,0,1
354,0,0.3088715757728072,0.125,0.0,0.034743286152731485,1,0,1,0,1
355,0,0.34656948982156316,0.0,0.0,0.014102260811993537,1,0,0,0,1
356,0,0.34656948982156316,0.0,0.0,0.018542765081513996,1,0,1,0,1
357,1,0.2711736617240512,0.0,0.16666666666666666,0.10735285047192313,0,0,1,0,0
358,0,0.4722292033174164,0.0,0.0,0.025374310111545468,0,0,1,1,0
359,1,0.34656948982156316,0.0,0.0,0.01537917417160685,0,1,0,0,1
360,1,0.34656948982156316,0.0,0.0,0.01537917417160685,0,1,0,0,1
361,0,0.49736114601658704,0.125,0.6666666666666666,0.05445717323939373,1,0,1,0,1
362,0,0.35913546117114853,0.125,0.0,0.05410739813385612,1,0,0,1,0
363,0,0.5601910027645137,0.0,0.16666666666666666,0.028212719478023115,0,0,0,0,1
364,0,0.4345312892686604,0.0,0.0,0.013760683560491965,1,0,1,0,1
365,0,0.34656948982156316,0.125,0.0,0.030253985132996517,1,1,0,0,1
366,0,0.37170143252073384,0.0,0.0,0.014151057562208049,1,0,1,0,1
367,1,0.7486805730082936,0.125,0.0,0.14687821814567664,0,0,0,0,0
368,1,0.34656948982156316,0.0,0.0,0.014110458666029575,0,0,0,0,1
369,1,0.34656948982156316,0.0,0.0,0.015126992566498259,0,1,0,0,1
370,1,0.2963056044232219,0.0,0.0,0.13526459159462315,0,0,0,0,0
371,1,0.3088715757728072,0.125,0.0,0.1082149914547131,1,0,0,0,0
372,0,0.22090977632571,0.125,0.0,0.012678957201736696,1,0,1,0,1
373,0,0.2334757476752953,0.0,0.0,0.015712553569072387,1,0,1,0,1
374,0,0.2711736617240512,0.0,0.0,0.2647385704347907,1,0,0,0,0
375,0,0.032420206081930136,0.375,0.16666666666666666,0.04113566043083236,0,0,1,0,1
376,1,0.34656948982156316,0.125,0.0,0.16038672010106003,0,0,0,0,0
377,1,0.2711736617240512,0.0,0.0,0.014151057562208049,0,0,1,0,1
378,0,0.33400351847197784,0.0,0.3333333333333333,0.41282050681475896,1,0,0,0,0
379,0,0.24604171902488062,0.0,0.0,0.007831878409428937,1,0,0,0,1
380,0,0.2334757476752953,0.0,0.0,0.015175789316712771,1,0,1,0,1
381,1,0.5224930887157577,0.0,0.0,0.4440992237022602,0,0,0,0,0
382,1,0.007288263382759488,0.0,0.3333333333333333,0.030725752114070404,0,0,0,0,1
383,0,0.39683337521990447,0.0,0.0,0.015468569817999833,1,0,1,0,1
384,1,0.4345312892686604,0.125,0.0,0.10149724044618187,0,0,1,0,0
385,0,0.34656948982156316,0.0,0.0,0.015411575213749286,1,0,1,0,1
386,0,0.22090977632571,0.0,0.0,0.1434624456306609,1,0,1,1,0
387,0,0.007288263382759488,0.625,0.3333333333333333,0.09154270340242172,1,0,1,0,1
388,1,0.4470972606182458,0.0,0.0,0.025374310111545468,0,0,1,1,0
389,0,0.34656948982156316,0.0,0.0,0.015086393670319786,1,1,0,0,1
390,1,0.20834380497612465,0.0,0.0,0.023422440102965045,0,0,0,1,0
391,1,0.4470972606182458,0.125,0.3333333333333333,0.23422440102965048,1,0,1,0,0
392,1,0.2586076903744659,0.0,0.0,0.015216388212891242,1,0,1,0,1
393,0,0.34656948982156316,0.25,0.0,0.015468569817999833,1,0,1,0,1
394,1,0.2837396330736366,0.125,0.0,0.22109807522194713,0,0,0,0,0
395,1,0.2963056044232219,0.0,0.3333333333333333,0.03259622914329302,0,0,1,0,1
396,0,0.2711736617240512,0.0,0.0,0.015216388212891242,1,0,1,0,1
397,0,0.38426740387031916,0.0,0.0,0.015330377421392339,0,0,1,0,1
398,0,0.5727569741140991,0.0,0.0,0.050748620223090936,1,0,1,1,0
399,0,0.2837396330736366,0.0,0.0,0.020494635090094415,1,0,1,1,0
400,1,0.34656948982156316,0.0,0.0,0.02469115560854232,0,0,1,1,0
401,1,0.4847951746670017,0.0,0.0,0.015468569817999833,1,0,1,0,1
402,0,0.32143754712239253,0.0,0.0,0.015712553569072387,1,0,1,0,1
403,0,0.2586076903744659,0.125,0.0,0.019177122834302632,0,0,1,0,1
404,0,0.34656948982156316,0.125,0.0,0.030937139635999665,1,0,1,0,1
405,0,0.24604171902488062,0.0,0.0,0.016908073949327893,0,0,1,0,1
406,0,0.4219653179190751,0.125,0.0,0.04098927018018883,1,0,1,1,0
407,0,0.6355868308620256,0.0,0.0,0.015126992566498259,1,0,1,0,1
408,1,0.032420206081930136,0.125,0.16666666666666666,0.03659756266088288,1,0,1,1,0
409,0,0.2586076903744659,0.0,0.0,0.015175789316712771,1,0,1,0,1
410,0,0.34656948982156316,0.375,0.16666666666666666,0.049707687947515,0,0,1,0,1
411,0,0.34656948982156316,0.0,0.0,0.015411575213749286,1,0,1,0,1
412,0,0.34656948982156316,0.0,0.0,0.013386510079847098,1,1,0,0,1
413,1,0.4093993465694898,0.125,0.0,0.17566830077223786,0,1,0,0,0
414,0,0.34656948982156316,0.0,0.0,0.0,1,0,1,1,0
415,1,0.5476250314149284,0.0,0.0,0.015468569817999833,1,0,1,0,1
416,0,0.34656948982156316,0.0,0.0,0.015712553569072387,0,0,1,0,1
417,1,0.4219653179190751,0.125,0.16666666666666666,0.06343577527886367,0,0,1,1,0
418,1,0.22090977632571,0.0,0.3333333333333333,0.025374310111545468,0,0,1,1,0
419,0,0.37170143252073384,0.0,0.0,0.025374310111545468,1,0,1,1,0
420,0,0.12038200552902739,0.0,0.3333333333333333,0.04713766070721715,0,0,1,0,1
421,0,0.34656948982156316,0.0,0.0,0.015411575213749286,1,0,0,0,1
422,0,0.2586076903744659,0.0,0.0,0.015094396337354966,1,1,0,0,1
423,0,0.35913546117114853,0.0,0.0,0.015370976317570811,1,0,1,0,1
424,0,0.34656948982156316,0.125,0.16666666666666666,0.028106928123558056,0,0,1,0,1
425,0,0.22090977632571,0.125,0.16666666666666666,0.039452172548431745,1,0,1,0,1
426,0,0.34656948982156316,0.0,0.0,0.014151057562208049,1,0,1,0,1
427,1,0.34656948982156316,0.125,0.0,0.050748620223090936,0,0,1,1,0
428,1,0.2334757476752953,0.0,0.0,0.050748620223090936,0,0,1,1,0
429,0,0.34656948982156316,0.0,0.0,0.015126992566498259,1,1,0,0,1
430,1,0.39683337521990447,0.0,0.0,0.015712553569072387,1,0,1,0,1
431,1,0.34656948982156316,0.0,0.0,0.051822148727810165,1,0,1,0,0
432,1,0.34656948982156316,0.125,0.0,0.031425107138144774,0,0,1,0,1
433,1,0.5224930887157577,0.125,0.0,0.050748620223090936,0,0,1,1,0
434,0,0.20834380497612465,0.0,0.0,0.013907073811135496,1,0,1,0,1
435,0,0.6230208595124404,0.125,0.0,0.1091095334796455,1,0,1,0,0
436,1,0.17064589092736868,0.125,0.3333333333333333,0.23422440102965048,0,0,1,0,0
437,0,0.2586076903744659,0.25,0.3333333333333333,0.06709553154495196,0,0,1,0,1
438,1,0.2963056044232219,0.25,0.5,0.03659756266088288,0,0,1,1,0
439,0,0.7989444584066349,0.125,0.6666666666666666,0.5133418122566507,1,0,1,0,0
440,0,0.38426740387031916,0.0,0.0,0.020494635090094415,1,0,1,1,0
441,1,0.5601910027645137,0.125,0.16666666666666666,0.05123658772523604,0,0,1,1,0
442,0,0.24604171902488062,0.0,0.0,0.018542765081513996,1,0,1,0,1
443,0,0.3088715757728072,0.125,0.0,0.015175789316712771,1,0,1,0,1
444,1,0.34656948982156316,0.0,0.0,0.025374310111545468,0,0,1,1,0
445,1,0.34656948982156316,0.0,0.0,0.015834545444608664,1,0,1,0,1
446,1,0.04498617743151546,0.0,0.3333333333333333,0.15977676072337862,1,0,1,0,0
447,1,0.15807991957778336,0.0,0.16666666666666666,0.038061465167318204,0,0,1,1,0
448,1,0.4219653179190751,0.0,0.0,0.051822148727810165,1,0,1,0,0
449,1,0.05755214878110078,0.25,0.16666666666666666,0.03758969818624431,0,0,0,0,1
450,1,0.648152802211611,0.0,0.0,0.05953203526170282,1,0,1,0,0
451,0,0.4470972606182458,0.125,0.3333333333333333,0.05416439273810667,1,0,1,1,0
452,0,0.34656948982156316,0.125,0.0,0.03897240290032268,1,0,1,0,1
453,0,0.37170143252073384,0.0,0.0,0.05416439273810667,1,0,0,0,0
454,1,0.610454888162855,0.125,0.0,0.17391981561855152,1,0,0,0,0
455,0,0.34656948982156316,0.0,0.0,0.015712553569072387,1,0,1,0,1
456,1,0.35913546117114853,0.0,0.0,0.015411575213749286,1,0,0,0,1
457,0,0.8115104297562202,0.0,0.0,0.051822148727810165,1,0,1,0,0
458,1,0.34656948982156316,0.125,0.0,0.10122885832000206,0,0,1,0,0
459,1,0.6230208595124404,0.0,0.0,0.020494635090094415,0,0,1,1,0
460,0,0.34656948982156316,0.0,0.0,0.015126992566498259,1,1,0,0,1
461,1,0.5978889168132697,0.0,0.0,0.051822148727810165,1,0,1,0,0
462,0,0.4219653179190751,0.0,0.0,0.015712553569072387,1,0,1,0,1
463,0,0.5853229454636844,0.0,0.0,0.07514699533034619,1,0,1,0,0
464,0,0.5978889168132697,0.0,0.0,0.025374310111545468,1,0,1,1,0
465,0,0.34656948982156316,0.0,0.0,0.015712553569072387,1,0,1,0,1
466,0,0.4722292033174164,0.0,0.0,0.013760683560491965,1,0,1,0,1
467,0,0.34656948982156316,0.0,0.0,0.0,1,0,1,1,0
468,0,0.6984166876099522,0.0,0.0,0.051822148727810165,1,0,1,0,0
469,0,0.34656948982156316,0.0,0.0,0.015078195816283748,1,1,0,0,1
470,1,0.0041467705453631576,0.25,0.16666666666666666,0.03758969818624431,0,0,0,0,1
471,0,0.34656948982156316,0.0,0.0,0.014151057562208049,1,0,1,0,1
472,0,0.4722292033174164,0.0,0.0,0.016908073949327893,1,0,1,0,1
473,1,0.4093993465694898,0.125,0.3333333333333333,0.05416439273810667,0,0,1,1,0
474,1,0.2837396330736366,0.0,0.0,0.026919605597338588,0,0,0,1,0
475,0,0.2711736617240512,0.0,0.0,0.019201521209409888,0,0,1,0,1
476,0,0.34656948982156316,0.0,0.0,0.10149724044618187,1,0,1,0,0
477,0,0.4219653179190751,0.125,0.0,0.04098927018018883,1,0,1,1,0
478,0,0.35913546117114853,0.125,0.0,0.013752485706455927,1,0,1,0,1
479,0,0.2711736617240512,0.0,0.0,0.014679623960531627,1,0,1,0,1
480,1,0.01985423473234481,0.0,0.16666666666666666,0.023983602730431916,0,0,1,0,1
481,0,0.10781603417944208,0.625,0.3333333333333333,0.09154270340242172,1,0,1,0,1
482,0,0.34656948982156316,0.0,0.0,0.0,1,0,1,1,0
483,0,0.6230208595124404,0.0,0.0,0.015712553569072387,1,0,1,0,1
484,1,0.7863784870570495,0.0,0.0,0.018713553707264782,0,0,1,0,1
485,1,0.3088715757728072,0.125,0.0,0.17777475888549785,1,0,0,0,0
486,0,0.34656948982156316,0.375,0.16666666666666666,0.049707687947515,0,0,1,0,1
487,1,0.4345312892686604,0.125,0.0,0.17566830077223786,0,0,1,0,0
488,0,0.723548630309123,0.0,0.0,0.057970539254838485,1,0,0,0,0
489,0,0.37170143252073384,0.0,0.0,0.015712553569072387,1,0,1,0,1
490,1,0.10781603417944208,0.125,0.16666666666666666,0.031034733136428686,1,0,1,0,1
491,0,0.34656948982156316,0.125,0.0,0.03897240290032268,1,0,1,0,1
492,0,0.2586076903744659,0.0,0.0,0.014151057562208049,1,0,1,0,1
493,0,0.685850716260367,0.0,0.0,0.05953203526170282,1,0,1,0,0
494,0,0.8869062578537321,0.0,0.0,0.09662576327876685,1,0,0,0,0
495,0,0.2586076903744659,0.0,0.0,0.015712553569072387,1,0,1,0,1
496,0,0.34656948982156316,0.0,0.0,0.028220722145058292,1,0,0,0,1
497,1,0.6732847449107816,0.125,0.0,0.1527664244005612,0,0,0,0,0
498,0,0.34656948982156316,0.0,0.0,0.029473237129564348,1,0,1,0,1
499,0,0.3088715757728072,0.125,0.3333333333333333,0.29580589980036276,0,0,1,0,0
500,0,0.2963056044232219,0.0,0.0,0.015216388212891242,1,0,1,0,1
501,0,0.20834380497612465,0.0,0.0,0.016908073949327893,1,0,1,0,1
502,0,0.2586076903744659,0.0,0.0,0.015126992566498259,0,1,0,0,1
503,0,0.34656948982156316,0.0,0.0,0.014891206669461744,0,1,0,0,1
504,0,0.4596632319678311,0.0,0.0,0.018713553707264782,0,0,1,0,1
505,1,0.19577783362653933,0.0,0.0,0.16883675574220638,0,0,1,0,0
506,0,0.22090977632571,0.125,0.0,0.2125586439344078,1,0,0,0,0
507,1,0.4093993465694898,0.0,0.3333333333333333,0.050748620223090936,0,0,1,1,0
508,1,0.34656948982156316,0.0,0.0,0.051822148727810165,1,0,1,0,0
509,0,0.34656948982156316,0.0,0.0,0.04396587194327397,1,0,1,0,1
510,1,0.32143754712239253,0.0,0.0,0.11027245763075773,1,0,1,0,1
511,1,0.35913546117114853,0.0,0.0,0.015126992566498259,1,1,0,0,1
512,0,0.34656948982156316,0.0,0.0,0.015712553569072387,1,0,1,0,1
513,1,0.4470972606182458,0.0,0.0,0.05130978285055781,1,0,1,0,0
514,1,0.6732847449107816,0.125,0.0,0.11594107850967697,0,0,0,0,0
515,0,0.2963056044232219,0.0,0.0,0.014630827210317117,1,0,1,0,1
516,0,0.5853229454636844,0.0,0.0,0.06640417918791278,1,0,1,0,0
517,1,0.4219653179190751,0.0,0.0,0.020494635090094415,0,0,1,1,0
518,0,0.34656948982156316,0.0,0.0,0.04713766070721715,1,1,0,0,1
519,1,0.4470972606182458,0.125,0.0,0.050748620223090936,0,0,1,1,0
520,0,0.39683337521990447,0.0,0.0,0.015411575213749286,1,0,1,0,1
521,1,0.37170143252073384,0.0,0.0,0.18249984580226933,0,0,1,0,0
522,0,0.2711736617240512,0.0,0.0,0.015411575213749286,1,0,1,0,1
523,0,0.34656948982156316,0.0,0.0,0.014102260811993537,1,0,0,0,1
524,1,0.5476250314149284,0.0,0.16666666666666666,0.11316786160148591,0,0,0,0,0
525,0,0.34656948982156316,0.0,0.0,0.014110458666029575,1,0,0,0,1
526,0,0.5036441316913798,0.0,0.0,0.015126992566498259,1,1,0,0,1
527,1,0.6230208595124404,0.0,0.0,0.020494635090094415,0,0,1,1,0
528,0,0.34656948982156316,0.0,0.0,0.4328841690069588,1,0,1,0,0
529,0,0.4847951746670017,0.0,0.0,0.015468569817999833,1,0,1,0,1
530,0,0.2837396330736366,0.25,0.16666666666666666,0.022446505098674838,1,0,1,1,0
531,1,0.01985423473234481,0.125,0.16666666666666666,0.050748620223090936,0,0,1,1,0
532,0,0.34656948982156316,0.0,0.0,0.014110458666029575,1,0,0,0,1
533,0,0.20834380497612465,0.125,0.16666666666666666,0.014110458666029575,1,0,0,0,1
534,1,0.34656948982156316,0.0,0.3333333333333333,0.04364049521284362,0,0,0,0,1
535,0,0.37170143252073384,0.0,0.0,0.016908073949327893,0,0,1,0,1
536,1,0.08268409148027142,0.0,0.3333333333333333,0.05123658772523604,0,0,1,1,0
537,0,0.5601910027645137,0.0,0.0,0.051822148727810165,1,0,1,0,0
538,1,0.37170143252073384,0.0,0.0,0.20772776566317125,0,0,0,0,0
539,0,0.34656948982156316,0.0,0.0,0.028302115124416098,1,0,1,0,1
540,1,0.2711736617240512,0.0,0.3333333333333333,0.09661756542473082,0,0,0,0,0
541,1,0.4470972606182458,0.0,0.3333333333333333,0.13858277060920987,0,0,1,0,0
542,0,0.10781603417944208,0.5,0.3333333333333333,0.06104473451835265,0,0,1,0,1
543,0,0.1329479768786127,0.5,0.3333333333333333,0.06104473451835265,0,0,1,0,1
544,1,0.39683337521990447,0.125,0.0,0.050748620223090936,1,0,1,1,0
545,0,0.6230208595124404,0.125,0.0,0.20772776566317125,1,0,0,0,0
546,0,0.7989444584066349,0.0,0.0,0.050748620223090936,1,0,1,0,0
547,1,0.2334757476752953,0.125,0.0,0.050748620223090936,0,0,1,1,0
548,1,0.34656948982156316,0.0,0.0,0.02705779799394608,1,0,0,1,0
549,0,0.4093993465694898,0.125,0.16666666666666666,0.04006213192611313,1,0,1,0,1
550,1,0.09525006282985675,0.125,0.16666666666666666,0.07173122281533045,1,0,1,1,0
551,1,0.20834380497612465,0.0,0.3333333333333333,0.21642978772242535,1,0,0,0,0
552,0,0.33400351847197784,0.0,0.0,0.050748620223090936,1,0,1,1,0
553,0,0.34656948982156316,0.0,0.0,0.015281580671177828,1,1,0,0,1
554,1,0.2711736617240512,0.0,0.0,0.014102260811993537,1,0,0,0,1
555,1,0.2711736617240512,0.0,0.0,0.015175789316712771,0,0,1,0,1
556,0,0.7738125157074642,0.0,0.0,0.051822148727810165,1,0,1,0,0
557,1,0.5978889168132697,0.125,0.0,0.07729405233978466,0,0,0,0,0
558,0,0.34656948982156316,0.0,0.0,0.4440992237022602,1,0,0,0,0
559,1,0.4847951746670017,0.125,0.16666666666666666,0.1554664461834305,0,0,1,0,0
560,1,0.4470972606182458,0.125,0.0,0.033962538149299316,0,0,1,0,1
561,0,0.34656948982156316,0.0,0.0,0.015126992566498259,1,1,0,0,1
562,0,0.49736114601658704,0.0,0.0,0.015411575213749286,1,0,1,0,1
563,0,0.34656948982156316,0.0,0.0,0.026350245115835676,1,0,1,1,0
564,0,0.34656948982156316,0.0,0.0,0.015712553569072387,1,0,1,0,1
565,0,0.34656948982156316,0.0,0.0,0.015712553569072387,0,0,1,0,1
566,0,0.2963056044232219,0.25,0.0,0.04713766070721715,1,0,1,0,1
567,0,0.2334757476752953,0.0,0.0,0.015411575213749286,1,0,1,0,1
568,0,0.35913546117114853,0.0,0.6666666666666666,0.04113566043083236,0,0,1,0,1
569,0,0.34656948982156316,0.0,0.0,0.014110458666029575,1,0,0,0,1
570,1,0.39683337521990447,0.0,0.0,0.015330377421392339,1,0,1,0,1
571,1,0.7738125157074642,0.0,0.0,0.020494635090094415,1,0,1,1,0
572,1,0.6607187735611963,0.25,0.0,0.10048070654571319,0,0,1,0,0
573,1,0.4470972606182458,0.0,0.0,0.051504969851415845,1,0,1,0,0
574,1,0.34656948982156316,0.0,0.0,0.015126992566498259,0,1,0,0,1
575,0,0.19577783362653933,0.0,0.0,0.015712553569072387,1,0,1,0,1
576,0,0.2334757476752953,0.0,0.0,0.028302115124416098,1,0,1,0,1
577,1,0.4219653179190751,0.0,0.0,0.025374310111545468,0,0,1,1,0
578,1,0.4847951746670017,0.125,0.0,0.1091095334796455,0,0,1,0,0
579,0,0.34656948982156316,0.125,0.0,0.028220722145058292,0,0,0,0,1
580,1,0.39683337521990447,0.0,0.0,0.015468569817999833,1,0,1,0,1
581,1,0.3088715757728072,0.125,0.16666666666666666,0.05855610025741262,0,0,1,1,0
582,1,0.4847951746670017,0.125,0.16666666666666666,0.21642978772242535,0,0,0,0,0
583,0,0.6732847449107816,0.0,0.0,0.050748620223090936,1,0,1,1,0
584,0,0.4470972606182458,0.0,0.0,0.07831878409428937,1,0,0,0,0
585,0,0.34656948982156316,0.0,0.0,0.017005667449756914,1,0,0,0,1
586,1,0.22090977632571,0.0,0.3333333333333333,0.1554664461834305,0,0,1,0,0
587,0,0.5853229454636844,0.0,0.0,0.02927805012870631,1,0,1,1,0
588,1,0.7486805730082936,0.125,0.16666666666666666,0.15458810467956932,1,0,0,0,0
589,0,0.2711736617240512,0.0,0.0,0.015712553569072387,1,0,1,0,1
590,0,0.34656948982156316,0.0,0.0,0.015712553569072387,1,0,1,0,1
591,0,0.4345312892686604,0.0,0.0,0.013907073811135496,1,0,1,0,1
592,1,0.648152802211611,0.125,0.0,0.1527664244005612,0,0,0,0,0
593,0,0.5853229454636844,0.0,0.0,0.014151057562208049,1,0,1,0,1
594,0,0.34656948982156316,0.0,0.3333333333333333,0.015126992566498259,0,1,0,0,1
595,0,0.4596632319678311,0.125,0.0,0.050748620223090936,1,0,1,1,0
596,0,0.4470972606182458,0.125,0.16666666666666666,0.04713766070721715,1,0,1,0,1
597,1,0.34656948982156316,0.0,0.0,0.06441171028315387,0,0,1,1,0
598,0,0.610454888162855,0.0,0.0,0.0,1,0,1,0,1
599,0,0.34656948982156316,0.0,0.0,0.014102260811993537,1,0,0,0,1
600,1,0.610454888162855,0.125,0.0,0.11111839809247648,1,0,0,0,0
601,1,0.2963056044232219,0.25,0.16666666666666666,0.05270049023167135,0,0,1,1,0
602,0,0.34656948982156316,0.0,0.0,0.015411575213749286,1,0,1,0,1
603,0,0.34656948982156316,0.0,0.0,0.08275928836380983,1,0,1,0,0
604,0,0.5476250314149284,0.0,0.0,0.015712553569072387,1,0,1,0,1
605,1,0.4345312892686604,0.0,0.0,0.051822148727810165,1,0,0,0,0
606,0,0.4470972606182458,0.125,0.0,0.030351578633425542,1,0,1,0,1
607,0,0.37170143252073384,0.0,0.0,0.015411575213749286,1,0,1,0,1
608,1,0.33400351847197784,0.0,0.0,0.05953203526170282,1,0,1,0,0
609,1,0.2711736617240512,0.125,0.3333333333333333,0.08115719346076702,0,0,0,1,0
610,1,0.49736114601658704,0.0,0.0,0.2995388511917728,0,0,1,0,0
611,0,0.4847951746670017,0.125,0.8333333333333333,0.06104473451835265,0,0,1,0,1
612,0,0.34656948982156316,0.0,0.0,0.013760683560491965,1,0,1,0,1
613,1,0.34656948982156316,0.125,0.0,0.030253985132996517,0,1,0,0,1
614,0,0.34656948982156316,0.0,0.0,0.015126992566498259,1,1,0,0,1
615,0,0.4345312892686604,0.0,0.0,0.015712553569072387,1,0,1,0,1
616,1,0.2963056044232219,0.125,0.3333333333333333,0.12687155055772734,0,0,1,1,0
617,0,0.4219653179190751,0.125,0.16666666666666666,0.028106928123558056,1,0,1,0,1
618,0,0.32143754712239253,0.125,0.0,0.031425107138144774,0,0,1,0,1
619,1,0.04498617743151546,0.25,0.16666666666666666,0.07612293033463641,0,0,1,1,0
620,0,0.32143754712239253,0.0,0.0,0.020494635090094415,1,0,1,1,0
621,0,0.33400351847197784,0.125,0.0,0.028212719478023115,1,0,0,0,1
622,1,0.5224930887157577,0.125,0.0,0.10257896680493714,1,0,1,0,0
623,1,0.24604171902488062,0.125,0.16666666666666666,0.030725752114070404,1,0,0,0,1
624,0,0.2586076903744659,0.0,0.0,0.015330377421392339,1,0,1,0,1
625,0,0.2586076903744659,0.0,0.0,0.031425107138144774,1,0,1,0,1
626,0,0.7612465443578789,0.0,0.0,0.06308600017332605,1,0,1,0,0
627,0,0.7109826589595376,0.0,0.0,0.024105594605968193,1,1,0,1,0
628,1,0.2586076903744659,0.0,0.0,0.15216446768991498,0,0,1,0,0
629,0,0.32143754712239253,0.0,0.0,0.015411575213749286,1,0,1,0,1
630,0,0.34656948982156316,0.0,0.0,0.015094396337354966,1,1,0,0,1
631,1,1.0,0.0,0.0,0.05855610025741262,1,0,1,0,0
632,0,0.6355868308620256,0.0,0.0,0.013768881414528002,1,0,1,0,1
633,1,0.39683337521990447,0.0,0.0,0.05953203526170282,1,0,0,0,0
634,0,0.34656948982156316,0.0,0.0,0.0,1,0,1,0,0
635,0,0.10781603417944208,0.375,0.3333333333333333,0.05445717323939373,0,0,1,0,1
636,1,0.34656948982156316,0.0,0.0,0.025374310111545468,0,0,1,1,0
637,0,0.39683337521990447,0.0,0.0,0.015468569817999833,1,0,1,0,1
638,0,0.38426740387031916,0.125,0.16666666666666666,0.05123658772523604,1,0,1,1,0
639,0,0.5099271173661725,0.0,0.8333333333333333,0.07746484096553544,0,0,1,0,1
640,0,0.34656948982156316,0.125,0.0,0.031425107138144774,1,0,1,0,1
641,0,0.24604171902488062,0.0,0.0,0.015330377421392339,1,0,1,0,1
642,1,0.2963056044232219,0.0,0.0,0.13526459159462315,0,0,0,0,0
643,0,0.01985423473234481,0.375,0.3333333333333333,0.05445717323939373,0,0,1,0,1
644,1,0.34656948982156316,0.0,0.0,0.11027245763075773,1,0,1,0,1
645,1,0.0041467705453631576,0.25,0.16666666666666666,0.03758969818624431,0,0,0,0,1
646,1,0.5978889168132697,0.125,0.0,0.1497654242623688,1,0,0,0,0
647,0,0.2334757476752953,0.0,0.0,0.015411575213749286,1,0,1,0,1
648,1,0.6984166876099522,0.0,0.0,0.06929138530460494,1,0,0,0,0
649,0,0.34656948982156316,0.0,0.0,0.014736618564782174,1,0,1,0,1
650,1,0.2837396330736366,0.0,0.0,0.014736618564782174,0,0,1,0,1
651,0,0.34656948982156316,0.0,0.0,0.015411575213749286,1,0,1,0,1
652,1,0.22090977632571,0.0,0.16666666666666666,0.044893010197349675,0,0,1,1,0
653,0,0.2586076903744659,0.0,0.0,0.01646070534336126,1,0,1,0,1
654,1,0.34656948982156316,0.0,0.0,0.015281580671177828,0,1,0,0,1
655,0,0.22090977632571,0.0,0.0,0.013175122557917838,0,1,0,0,1
656,0,0.2963056044232219,0.25,0.0,0.1434624456306609,1,0,1,1,0
657,0,0.34656948982156316,0.0,0.0,0.015411575213749286,1,0,1,0,1
658,0,0.39683337521990447,0.125,0.16666666666666666,0.030253985132996517,0,1,0,0,1
659,0,0.2837396330736366,0.0,0.0,0.025374310111545468,1,0,1,1,0
660,0,0.723548630309123,0.0,0.3333333333333333,0.22109807522194713,1,0,0,0,0
661,1,0.6230208595124404,0.25,0.0,0.2608674266467732,1,0,1,0,0
662,0,0.49736114601658704,0.0,0.0,0.014102260811993537,1,0,0,0,1
663,0,0.5853229454636844,0.0,0.0,0.04994347384455151,1,0,1,0,0
664,0,0.4470972606182458,0.0,0.0,0.014630827210317117,1,0,1,0,1
665,1,0.24604171902488062,0.125,0.0,0.015468569817999833,1,0,1,0,1
666,0,0.39683337521990447,0.25,0.0,0.1434624456306609,1,0,1,1,0
667,0,0.3088715757728072,0.0,0.0,0.025374310111545468,1,0,1,1,0
668,0,0.34656948982156316,0.0,0.0,0.015175789316712771,1,0,1,0,1
669,0,0.5350590600653431,0.0,0.0,0.015712553569072387,1,0,1,0,1
670,1,0.34656948982156316,0.125,0.0,0.10149724044618187,0,0,1,0,0
671,1,0.49736114601658704,0.125,0.16666666666666666,0.07612293033463641,0,0,1,1,0
672,0,0.38426740387031916,0.125,0.0,0.10149724044618187,1,0,1,0,0
673,0,0.8743402865041467,0.0,0.0,0.020494635090094415,1,0,1,1,0
674,1,0.38426740387031916,0.0,0.0,0.025374310111545468,1,0,1,1,0
675,0,0.34656948982156316,0.0,0.0,0.0,1,0,1,1,0
676,0,0.22090977632571,0.0,0.0,0.015175789316712771,1,0,1,0,1
677,0,0.30258859009801453,0.0,0.0,0.015712553569072387,1,0,1,0,1
678,1,0.22090977632571,0.0,0.0,0.019209719063445922,0,0,1,0,1
679,0,0.5350590600653431,0.125,1.0,0.09154270340242172,0,0,1,0,1
680,1,0.4470972606182458,0.0,0.16666666666666666,1.0,1,0,0,0,0
681,0,0.34656948982156316,0.0,0.0,0.01588334219482317,0,1,0,0,1
682,1,0.33400351847197784,0.0,0.0,0.1497654242623688,1,0,0,0,0
683,0,0.24604171902488062,0.0,0.0,0.01800600082915438,1,0,1,0,1
684,0,0.17064589092736868,0.625,0.3333333333333333,0.09154270340242172,1,0,1,0,1
685,0,0.7486805730082936,0.125,0.16666666666666666,0.07612293033463641,1,0,1,1,0
686,0,0.3088715757728072,0.125,0.3333333333333333,0.08115719346076702,1,0,0,1,0
687,0,0.17064589092736868,0.5,0.16666666666666666,0.07746484096553544,1,0,1,0,1
688,0,0.2334757476752953,0.0,0.0,0.019852079483269742,1,0,1,0,1
689,0,0.22090977632571,0.0,0.0,0.015216388212891242,1,0,1,0,1
690,1,0.18321186227695402,0.0,0.16666666666666666,0.41250332793836464,0,0,1,0,0
691,1,0.38426740387031916,0.125,0.0,0.11125659048908397,1,0,1,0,0
692,1,0.04498617743151546,0.0,0.16666666666666666,0.026187654344120927,0,0,0,0,1
693,1,0.34656948982156316,0.0,0.0,0.11027245763075773,1,0,1,0,1
694,0,0.3088715757728072,0.0,0.0,0.014102260811993537,1,0,0,0,1
695,0,0.7486805730082936,0.0,0.0,0.051822148727810165,1,0,1,0,0
696,0,0.648152802211611,0.0,0.0,0.026350245115835676,1,0,1,1,0
697,0,0.5476250314149284,0.0,0.0,0.015712553569072387,1,0,1,0,1
698,1,0.34656948982156316,0.0,0.0,0.015094396337354966,0,1,0,0,1
699,0,0.610454888162855,0.125,0.16666666666666666,0.21642978772242535,1,0,0,0,0
700,0,0.5224930887157577,0.0,0.0,0.014931805565640218,1,0,1,0,1
701,1,0.22090977632571,0.125,0.0,0.4440992237022602,0,0,0,0,0
702,1,0.4345312892686604,0.0,0.0,0.05130978285055781,1,0,1,0,0
703,0,0.22090977632571,0.0,0.16666666666666666,0.028212719478023115,0,0,0,0,1
704,0,0.3088715757728072,0.0,0.0,0.015110792045427042,1,1,0,0,1
705,0,0.32143754712239253,0.125,0.0,0.015330377421392339,1,0,1,0,1
706,0,0.4847951746670017,0.0,0.0,0.050748620223090936,1,0,1,1,0
707,1,0.5601910027645137,0.0,0.0,0.026350245115835676,0,0,1,1,0
708,1,0.5224930887157577,0.0,0.0,0.05130978285055781,1,0,1,0,0
709,1,0.2711736617240512,0.0,0.0,0.29580589980036276,0,0,1,0,0
710,1,0.34656948982156316,0.125,0.16666666666666666,0.029757819776815374,1,0,0,0,1
711,1,0.2963056044232219,0.0,0.0,0.09662576327876685,0,0,0,0,0
712,0,0.34656948982156316,0.0,0.0,0.051822148727810165,1,0,1,0,0
713,1,0.5978889168132697,0.125,0.0,0.10149724044618187,1,0,1,0,0
714,0,0.35913546117114853,0.0,0.0,0.018510168852370702,1,0,1,0,1
715,0,0.648152802211611,0.0,0.0,0.025374310111545468,1,0,1,1,0
716,0,0.2334757476752953,0.0,0.0,0.014931805565640218,1,0,1,0,1
717,1,0.4722292033174164,0.0,0.0,0.4440992237022602,0,0,0,0,0
718,1,0.33400351847197784,0.0,0.0,0.020494635090094415,0,0,1,1,0
719,0,0.34656948982156316,0.0,0.0,0.030253985132996517,1,1,0,0,1
720,0,0.4093993465694898,0.0,0.0,0.015175789316712771,1,0,1,0,1
721,1,0.0701181201306861,0.0,0.16666666666666666,0.06441171028315387,0,0,1,1,0
722,0,0.20834380497612465,0.125,0.0,0.013768881414528002,1,0,1,0,1
723,0,0.4219653179190751,0.0,0.0,0.025374310111545468,1,0,1,1,0
724,0,0.6230208595124404,0.0,0.0,0.025374310111545468,1,0,1,1,0
725,1,0.33400351847197784,0.125,0.0,0.10364429745562033,1,0,1,0,0
726,0,0.24604171902488062,0.0,0.0,0.016908073949327893,1,0,1,0,1
727,1,0.37170143252073384,0.375,0.0,0.04098927018018883,0,0,1,1,0
728,1,0.34656948982156316,0.0,0.0,0.015102594191391004,0,1,0,0,1
729,0,0.3088715757728072,0.125,0.0,0.050748620223090936,1,0,1,1,0
730,0,0.3088715757728072,0.125,0.0,0.015468569817999833,0,0,1,0,1
731,1,0.35913546117114853,0.0,0.0,0.41250332793836464,0,0,1,0,0
732,0,0.1329479768786127,0.0,0.0,0.036670757786204655,1,0,0,0,1
733,0,0.34656948982156316,0.0,0.0,0.0,1,0,1,1,0
734,0,0.2837396330736366,0.0,0.0,0.025374310111545468,1,0,1,1,0
735,0,0.2837396330736366,0.0,0.0,0.025374310111545468,1,0,1,1,0
736,0,0.35285247549635584,0.0,0.0,0.031425107138144774,1,0,1,0,1
737,0,0.5978889168132697,0.125,0.5,0.06709553154495196,0,0,1,0,1
738,1,0.4345312892686604,0.0,0.0,1.0,1,0,0,0,0
739,0,0.34656948982156316,0.0,0.0,0.015411575213749286,1,0,1,0,1
740,0,0.34656948982156316,0.0,0.0,0.015411575213749286,1,0,1,0,1
741,1,0.34656948982156316,0.0,0.0,0.05855610025741262,1,0,1,0,0
742,0,0.4470972606182458,0.125,0.0,0.15390495017656614,1,0,1,0,0
743,1,0.2586076903744659,0.25,0.3333333333333333,0.5121218935012878,0,0,0,0,0
744,0,0.2963056044232219,0.125,0.0,0.031425107138144774,1,0,1,0,1
745,1,0.38426740387031916,0.0,0.0,0.015468569817999833,1,0,1,0,1
746,0,0.8743402865041467,0.125,0.16666666666666666,0.13858277060920987,1,0,1,0,0
747,0,0.19577783362653933,0.125,0.16666666666666666,0.03952536767375352,1,0,1,0,1
748,1,0.37170143252073384,0.0,0.0,0.025374310111545468,0,0,1,1,0
749,0,0.2334757476752953,0.125,0.0,0.10364429745562033,1,0,1,0,0
750,0,0.38426740387031916,0.0,0.0,0.015126992566498259,1,1,0,0,1
751,1,0.04498617743151546,0.125,0.16666666666666666,0.044893010197349675,0,0,1,1,0
752,1,0.0701181201306861,0.0,0.16666666666666666,0.024349578357040744,1,0,1,0,1
753,0,0.4093993465694898,0.0,0.0,0.018542765081513996,1,0,1,0,1
754,0,0.2837396330736366,0.0,0.0,0.015411575213749286,1,0,1,0,1
755,1,0.5978889168132697,0.125,0.3333333333333333,0.12687155055772734,0,0,1,1,0
756,1,0.003141492837396331,0.125,0.16666666666666666,0.028302115124416098,1,0,1,1,0
757,0,0.34656948982156316,0.0,0.0,0.015216388212891242,1,0,1,0,1
758,0,0.22090977632571,0.0,0.0,0.022446505098674838,1,0,1,1,0
759,0,0.4219653179190751,0.0,0.0,0.015712553569072387,1,0,1,0,1
760,1,0.4093993465694898,0.0,0.0,0.16883675574220638,0,0,1,0,0
761,0,0.34656948982156316,0.0,0.0,0.028302115124416098,1,0,1,0,1
762,0,0.5099271173661725,0.0,0.0,0.013907073811135496,1,0,1,0,1
763,1,0.24604171902488062,0.0,0.0,0.014110458666029575,1,0,0,0,1
764,1,0.4470972606182458,0.125,0.3333333333333333,0.23422440102965048,0,0,1,0,0
765,0,0.19577783362653933,0.0,0.0,0.015175789316712771,1,0,1,0,1
766,1,0.6355868308620256,0.125,0.0,0.15216446768991498,0,0,1,0,0
767,0,0.34656948982156316,0.0,0.0,0.07729405233978466,1,0,0,0,0
768,0,0.3779844181955265,0.0,0.0,0.015126992566498259,0,1,0,0,1
769,0,0.34656948982156316,0.125,0.0,0.04713766070721715,1,1,0,0,1
770,0,0.39683337521990447,0.0,0.0,0.016322512946753766,1,0,1,0,1
771,0,0.2963056044232219,0.0,0.0,0.018542765081513996,1,0,1,0,1
772,0,0.5978889168132697,0.0,0.0,0.015330377421392339,1,0,1,0,1
773,0,0.7109826589595376,0.0,0.0,0.020494635090094415,0,0,1,1,0
774,0,0.34656948982156316,0.0,0.0,0.014102260811993537,1,0,0,0,1
775,1,0.6732847449107816,0.125,0.5,0.044893010197349675,0,0,1,1,0
776,0,0.22090977632571,0.0,0.0,0.015126992566498259,1,0,1,0,1
777,0,0.34656948982156316,0.0,0.0,0.015126992566498259,1,1,0,0,1
778,1,0.05755214878110078,0.0,0.0,0.024349578357040744,0,0,1,0,1
779,0,0.34656948982156316,0.0,0.0,0.015102594191391004,1,1,0,0,1
780,1,0.5350590600653431,0.0,0.16666666666666666,0.41250332793836464,0,0,1,0,0
781,1,0.15807991957778336,0.0,0.0,0.014110458666029575,0,0,0,0,1
782,1,0.20834380497612465,0.125,0.0,0.11125659048908397,0,0,1,0,0
783,0,0.35913546117114853,0.0,0.0,0.05855610025741262,1,0,1,0,0
784,0,0.34656948982156316,0.125,0.3333333333333333,0.04577135170121086,1,0,1,0,1
785,0,0.3088715757728072,0.0,0.0,0.013760683560491965,1,0,1,0,1
786,0,0.3088715757728072,0.0,0.0,0.014151057562208049,1,0,1,0,1
787,1,0.22090977632571,0.0,0.0,0.014630827210317117,0,0,1,0,1
788,0,0.09525006282985675,0.5,0.16666666666666666,0.05684821399990475,1,1,0,0,1
789,1,0.007288263382759488,0.125,0.3333333333333333,0.04015972542654215,1,0,1,0,1
790,0,0.5727569741140991,0.0,0.0,0.15458810467956932,1,0,0,0,0
791,0,0.34656948982156316,0.0,0.0,0.015126992566498259,1,1,0,0,1
792,0,0.19577783362653933,0.0,0.0,0.050748620223090936,1,0,1,1,0
793,0,0.34656948982156316,1.0,0.3333333333333333,0.13575255909676825,0,0,1,0,1
794,0,0.34656948982156316,0.0,0.0,0.05991421140938287,1,0,0,0,0
795,0,0.3088715757728072,0.0,0.0,0.015411575213749286,1,0,1,0,1
796,0,0.4847951746670017,0.0,0.0,0.025374310111545468,1,0,1,1,0
797,1,0.610454888162855,0.0,0.0,0.050610427826483444,0,0,1,0,0
798,1,0.38426740387031916,0.0,0.0,0.016948672845506364,0,0,1,0,1
799,0,0.37170143252073384,0.0,0.0,0.014110458666029575,1,0,0,0,1
800,0,0.37170143252073384,0.125,0.16666666666666666,0.04713766070721715,0,0,1,0,1
801,0,0.4219653179190751,0.0,0.0,0.025374310111545468,1,0,1,1,0
802,1,0.38426740387031916,0.125,0.16666666666666666,0.05123658772523604,0,0,1,1,0
803,1,0.1329479768786127,0.125,0.3333333333333333,0.23422440102965048,1,0,1,0,0
804,1,0.0,0.0,0.16666666666666666,0.016623491302076868,1,0,0,0,1
805,1,0.33400351847197784,0.0,0.0,0.013614293309848433,1,0,1,0,1
806,0,0.38426740387031916,0.0,0.0,0.015175789316712771,1,0,1,0,1
807,0,0.4847951746670017,0.0,0.0,0.0,1,0,1,0,0
808,0,0.22090977632571,0.0,0.0,0.015175789316712771,0,0,1,0,1
809,0,0.4847951746670017,0.0,0.0,0.025374310111545468,1,0,1,1,0
810,1,0.4093993465694898,0.125,0.0,0.10364429745562033,0,0,1,0,0
811,0,0.32143754712239253,0.0,0.0,0.015395374692678068,1,0,1,0,1
812,0,0.4847951746670017,0.0,0.0,0.04713766070721715,1,0,1,0,1
813,0,0.4345312892686604,0.0,0.0,0.020494635090094415,1,0,1,1,0
814,0,0.0701181201306861,0.5,0.3333333333333333,0.06104473451835265,0,0,1,0,1
815,0,0.3779844181955265,0.0,0.0,0.015712553569072387,1,0,1,0,1
816,0,0.34656948982156316,0.0,0.0,0.0,1,0,1,0,0
817,0,0.2837396330736366,0.0,0.0,0.015468569817999833,0,0,1,0,1
818,0,0.38426740387031916,0.125,0.16666666666666666,0.07222738817151159,1,0,0,1,0
819,0,0.5350590600653431,0.0,0.0,0.012589561555343713,1,0,1,0,1
820,0,0.12038200552902739,0.375,0.3333333333333333,0.05445717323939373,1,0,1,0,1
821,1,0.648152802211611,0.125,0.16666666666666666,0.18249984580226933,0,0,1,0,0
822,1,0.33400351847197784,0.0,0.0,0.016908073949327893,1,0,1,0,1
823,0,0.4722292033174164,0.0,0.0,0.0,1,0,1,0,0
824,1,0.33400351847197784,0.0,0.16666666666666666,0.024349578357040744,0,0,1,0,1
825,0,0.01985423473234481,0.5,0.16666666666666666,0.07746484096553544,1,0,1,0,1
826,0,0.34656948982156316,0.0,0.0,0.013565496559633922,1,1,0,0,1
827,0,0.34656948982156316,0.0,0.0,0.11027245763075773,1,0,1,0,1
828,1,0.007288263382759488,0.0,0.3333333333333333,0.07222738817151159,1,0,0,1,0
829,1,0.34656948982156316,0.0,0.0,0.015126992566498259,1,1,0,0,1
830,1,0.7738125157074642,0.0,0.0,0.15614960068643363,0,0,1,0,0
831,1,0.18321186227695402,0.125,0.0,0.028212719478023115,0,0,0,0,1
832,1,0.005152048253329982,0.125,0.16666666666666666,0.03659756266088288,1,0,1,1,0
833,0,0.34656948982156316,0.0,0.0,0.014110458666029575,1,0,0,0,1
834,0,0.2837396330736366,0.0,0.0,0.015330377421392339,1,0,1,0,1
835,0,0.22090977632571,0.0,0.0,0.016200521071217493,1,0,1,0,1
836,1,0.4847951746670017,0.125,0.16666666666666666,0.16231419173453318,0,0,0,0,0
837,0,0.2586076903744659,0.0,0.0,0.016908073949327893,1,0,1,0,1
838,0,0.34656948982156316,0.0,0.0,0.015712553569072387,1,0,1,0,1
839,1,0.39683337521990447,0.0,0.0,0.11027245763075773,1,0,1,0,1
840,1,0.34656948982156316,0.0,0.0,0.057970539254838485,1,0,0,0,0
841,0,0.24604171902488062,0.0,0.0,0.015468569817999833,1,0,1,0,1
842,0,0.19577783362653933,0.0,0.0,0.020494635090094415,1,0,1,1,0
843,1,0.37170143252073384,0.0,0.0,0.060507970265993034,0,0,0,0,0
844,0,0.4282483035938678,0.0,0.0,0.012565163180236457,1,0,0,0,1
845,0,0.20834380497612465,0.0,0.0,0.016908073949327893,1,0,1,0,1
846,0,0.5224930887157577,0.0,0.0,0.014736618564782174,1,0,1,0,1
847,0,0.34656948982156316,1.0,0.3333333333333333,0.13575255909676825,1,0,1,0,1
848,0,0.4345312892686604,0.0,0.0,0.015411575213749286,1,0,0,0,1
849,0,0.34656948982156316,0.0,0.16666666666666666,0.06441171028315387,1,0,1,1,0
850,1,0.34656948982156316,0.125,0.0,0.17391981561855152,0,0,0,0,0
851,0,0.04498617743151546,0.5,0.3333333333333333,0.06104473451835265,1,0,1,0,1
852,0,0.9246041719024881,0.0,0.0,0.015175789316712771,1,0,1,0,1
853,0,0.10781603417944208,0.125,0.16666666666666666,0.029757819776815374,0,0,0,0,1
854,1,0.19577783362653933,0.0,0.16666666666666666,0.07690367833806856,0,0,1,0,0
855,0,0.5476250314149284,0.125,0.0,0.050748620223090936,0,0,1,1,0
856,1,0.22090977632571,0.0,0.16666666666666666,0.018249984580226933,0,0,1,0,1
857,1,0.5601910027645137,0.125,0.16666666666666666,0.32179836714362564,0,0,1,0,0
858,1,0.6355868308620256,0.0,0.0,0.051822148727810165,1,0,1,0,0
859,1,0.2963056044232219,0.0,0.5,0.03758969818624431,0,0,0,0,1
860,0,0.34656948982156316,0.0,0.0,0.014110458666029575,1,0,0,0,1
861,0,0.5099271173661725,0.25,0.0,0.027537567642055148,1,0,1,0,1
862,0,0.2586076903744659,0.125,0.0,0.022446505098674838,1,0,1,1,0
863,1,0.5978889168132697,0.0,0.0,0.050610427826483444,0,0,1,0,0
864,0,0.34656948982156316,1.0,0.3333333333333333,0.13575255909676825,0,0,1,0,1
865,0,0.2963056044232219,0.0,0.0,0.025374310111545468,1,0,1,1,0
866,1,0.5224930887157577,0.0,0.0,0.025374310111545468,0,0,1,1,0
867,1,0.33400351847197784,0.125,0.0,0.027049600139910042,0,0,0,1,0
868,0,0.38426740387031916,0.0,0.0,0.09856123757927521,1,0,1,0,0
869,0,0.34656948982156316,0.0,0.0,0.018542765081513996,1,0,1,0,1
870,1,0.04498617743151546,0.125,0.16666666666666666,0.021730754366528396,1,0,1,0,1
871,0,0.32143754712239253,0.0,0.0,0.015411575213749286,1,0,1,0,1
872,1,0.5853229454636844,0.125,0.16666666666666666,0.10257896680493714,0,0,1,0,0
873,0,0.4093993465694898,0.0,0.0,0.009759350042902102,1,0,1,0,0
874,0,0.5853229454636844,0.0,0.0,0.017566830077223785,1,0,1,0,1
875,1,0.34656948982156316,0.125,0.0,0.04684488020593009,0,0,0,1,0
876,1,0.18321186227695402,0.0,0.0,0.014102260811993537,0,0,0,0,1
877,0,0.24604171902488062,0.0,0.0,0.019217721730481106,1,0,1,0,1
878,0,0.2334757476752953,0.0,0.0,0.015411575213749286,1,0,1,0,1
879,0,0.34656948982156316,0.0,0.0,0.015411575213749286,1,0,1,0,1
880,1,0.6984166876099522,0.0,0.16666666666666666,0.16231419173453318,0,0,0,0,0
881,1,0.3088715757728072,0.0,0.16666666666666666,0.050748620223090936,0,0,1,1,0
882,0,0.4093993465694898,0.0,0.0,0.015411575213749286,1,0,1,0,1
883,0,0.2711736617240512,0.0,0.0,0.02052723131923771,0,0,1,0,1
884,0,0.34656948982156316,0.0,0.0,0.020494635090094415,1,0,1,1,0
885,0,0.3088715757728072,0.0,0.0,0.013760683560491965,1,0,1,0,1
886,0,0.4847951746670017,0.0,0.8333333333333333,0.05684821399990475,0,1,0,0,1
887,0,0.33400351847197784,0.0,0.0,0.025374310111545468,1,0,1,1,0
888,1,0.2334757476752953,0.0,0.0,0.05855610025741262,0,0,1,0,0
889,0,0.34656948982156316,0.125,0.3333333333333333,0.04577135170121086,0,0,1,0,1
890,1,0.32143754712239253,0.0,0.0,0.05855610025741262,1,0,0,0,0
891,0,0.39683337521990447,0.0,0.0,0.015126992566498259,1,1,0,0,1
